{"name":"45281511-750e-4c66-a6bf-9c69a5c89f98","id":"/providers/Microsoft.Flow/flows/45281511-750e-4c66-a6bf-9c69a5c89f98","type":"Microsoft.Flow/flows","properties":{"apiId":"/providers/Microsoft.PowerApps/apis/shared_logicflows","displayName":"GetPatients","definition":{"metadata":{"workflowEntityId":null,"creator":{"id":"c6d82df2-cfb6-4781-b768-dedc1a3bad2b","type":"User","tenantId":"2598b5f2-6546-4fd8-9d8c-d9dba42125b8"},"provisioningMethod":"FromDefinition","failureAlertSubscription":true,"clientLastModifiedTime":"2020-07-11T19:18:03.2080776Z"},"$schema":"https://schema.management.azure.com/providers/Microsoft.Logic/schemas/2016-06-01/workflowdefinition.json#","contentVersion":"1.0.0.0","parameters":{"$connections":{"defaultValue":{},"type":"Object"},"$authentication":{"defaultValue":{},"type":"SecureObject"}},"triggers":{"manual":{"type":"Request","kind":"PowerApp","inputs":{"schema":{"type":"object","properties":{"Initializevariable_Value":{"type":"string","description":"Enter initial value","x-ms-powerflows-param-ispartial":false},"Initializevariable2_Value":{"type":"string","description":"Enter initial value","x-ms-powerflows-param-ispartial":false}},"required":["Initializevariable_Value","Initializevariable2_Value"]}}}},"actions":{"Initialize_variable":{"runAfter":{},"type":"InitializeVariable","inputs":{"variables":[{"name":"DoctorRegistrationNumber","type":"string","value":"@{triggerBody()['Initializevariable_Value']}"}]}},"Get_items":{"runAfter":{"Initialize_variable_2":["Succeeded"]},"metadata":{"flowSystemMetadata":{"swaggerOperationId":"GetItems"}},"type":"ApiConnection","inputs":{"host":{"connection":{"name":"@json(decodeBase64(triggerOutputs().headers['X-MS-APIM-Tokens']))['$connections']['shared_sharepointonline']['connectionId']"},"api":{"runtimeUrl":"https://unitedstates-002.azure-apim.net/apim/sharepointonline"}},"method":"get","path":"/datasets/@{encodeURIComponent(encodeURIComponent('https://m365x902405.sharepoint.com/sites/E-Prescriptions'))}/tables/@{encodeURIComponent(encodeURIComponent('586e5765-68ac-4b12-89c5-7d62deed446c'))}/items","queries":{"$filter":"DoctorRegistrationNumber eq '@{variables('DoctorRegistrationNumber')}' and DateOfConsultation eq '@{variables('StartDate')}'"},"authentication":{"type":"Raw","value":"@json(decodeBase64(triggerOutputs().headers['X-MS-APIM-Tokens']))['$ConnectionKey']"}}},"Select":{"runAfter":{"Get_items":["Succeeded"]},"type":"Select","inputs":{"from":"@body('Get_items')?['value']","select":{"ID":"@item()?['ID']","Name":"@item()?['Title']","Email":"@item()?['Email']","Consultation Time":"@item()?['ConsultationTime']"}}},"Parse_JSON":{"runAfter":{"Select":["Succeeded"]},"type":"ParseJson","inputs":{"content":"@body('Select')","schema":{"type":"array","items":{"type":"object","properties":{"ID":{"type":"integer"},"Name":{"type":"string"},"Email":{"type":"string"},"Consultation Time":{"type":"string"}},"required":["ID","Name","Email","Consultation Time"]}}}},"Join":{"runAfter":{"Parse_JSON":["Succeeded"]},"type":"Join","inputs":{"from":"@body('Parse_JSON')","joinWith":"\"/n\""}},"Respond_to_a_PowerApp_or_flow":{"runAfter":{"Join":["Succeeded"]},"type":"Response","kind":"PowerApp","inputs":{"statusCode":200,"body":{"patientdetails":"@body('Join')"},"schema":{"type":"object","properties":{"patientdetails":{"title":"PatientDetails","x-ms-dynamically-added":true,"type":"string"}}}}},"Initialize_variable_2":{"runAfter":{"Initialize_variable":["Succeeded"]},"type":"InitializeVariable","inputs":{"variables":[{"name":"StartDate","type":"string","value":"@{triggerBody()['Initializevariable2_Value']}"}]}}}},"connectionReferences":{"shared_sharepointonline":{"connectionName":"shared-sharepointonl-a92ececf-06b2-4499-a83b-dda9f9d6771c","source":"Invoker","id":"/providers/Microsoft.PowerApps/apis/shared_sharepointonline","tier":"NotSpecified"}},"flowFailureAlertSubscribed":false}}