{"name":"4d48d5bd-4164-4fb5-ab67-2502ea1f1189","id":"/providers/Microsoft.Flow/flows/4d48d5bd-4164-4fb5-ab67-2502ea1f1189","type":"Microsoft.Flow/flows","properties":{"apiId":"/providers/Microsoft.PowerApps/apis/shared_logicflows","displayName":"View Prescription","definition":{"metadata":{"workflowEntityId":null,"creator":{"id":"6702afb6-109b-4c32-a141-6e65469502b9","type":"User","tenantId":"b3cdf1c8-024a-49e2-a994-f67f830b02f3"},"provisioningMethod":"FromDefinition","failureAlertSubscription":true,"clientLastModifiedTime":"2020-07-10T09:40:05.1871612Z"},"$schema":"https://schema.management.azure.com/providers/Microsoft.Logic/schemas/2016-06-01/workflowdefinition.json#","contentVersion":"1.0.0.0","parameters":{"$connections":{"defaultValue":{},"type":"Object"},"$authentication":{"defaultValue":{},"type":"SecureObject"}},"triggers":{"manual":{"type":"Request","kind":"PowerApp","inputs":{"schema":{"type":"object","properties":{"Getfilecontentusingpath_FilePath":{"type":"string","description":"Select a file.. This parameter is used as part of \"D307A6A7-E3CC-4D03-951B-5200CA4BE4E5\"","x-ms-powerflows-param-ispartial":true}},"required":["Getfilecontentusingpath_FilePath"]}}}},"actions":{"Get_file_content_using_path":{"runAfter":{},"metadata":{"flowSystemMetadata":{"swaggerOperationId":"GetFileContentByPath"}},"type":"ApiConnection","inputs":{"host":{"connection":{"name":"@json(decodeBase64(triggerOutputs().headers['X-MS-APIM-Tokens']))['$connections']['shared_sharepointonline']['connectionId']"},"api":{"runtimeUrl":"https://unitedstates-002.azure-apim.net/apim/sharepointonline"}},"method":"get","path":"/datasets/@{encodeURIComponent(encodeURIComponent('https://m365x357260.sharepoint.com/sites/EPrescription'))}/GetFileContentByPath","queries":{"path":"Shared Documents/SavePDF/@{triggerBody()['Getfilecontentusingpath_FilePath']}","queryParametersSingleEncoded":true,"inferContentType":true},"authentication":{"type":"Raw","value":"@json(decodeBase64(triggerOutputs().headers['X-MS-APIM-Tokens']))['$ConnectionKey']"}}},"Respond_to_a_PowerApp_or_flow":{"runAfter":{"Get_file_content_using_path":["Succeeded"]},"type":"Response","kind":"PowerApp","inputs":{"statusCode":200,"body":{"pdf":"@{body('Get_file_content_using_path')['$content']}"},"schema":{"type":"object","properties":{"pdf":{"title":"PDF","x-ms-dynamically-added":true,"type":"string","format":"byte"}}}}}}},"connectionReferences":{"shared_sharepointonline":{"connectionName":"242909ccb1f84f1aba7e20a8e06a9c44","source":"Invoker","id":"/providers/Microsoft.PowerApps/apis/shared_sharepointonline","tier":"NotSpecified"}},"flowFailureAlertSubscribed":false}}