{"schemaVersion":"1.0","appDefinitionTemplate":{"id":"/providers/Microsoft.PowerApps/apps/","type":"Microsoft.PowerApps/apps","tags":{"primaryDeviceWidth":"1172","primaryDeviceHeight":"770","sienaVersion":"20200710T212255Z-3.20064.23.0","deviceCapabilities":"","supportsPortrait":"false","supportsLandscape":"true","primaryFormFactor":"Tablet","publisherVersion":"3.20064.23","minimumRequiredApiVersion":"2.2.0","hasComponent":"false","hasUnlockedComponent":"false","isUnifiedRootApp":"false"},"properties":{"appVersion":"2020-07-10T21:22:55Z","lifeCycleId":"Published","createdByClientVersion":{"major":3,"minor":20064,"build":23,"revision":0,"majorRevision":0,"minorRevision":0},"minClientVersion":{"major":3,"minor":20064,"build":23,"revision":0,"majorRevision":0,"minorRevision":0},"backgroundColor":"rgba(37, 62, 143, 1)","backgroundImageUri":"/16764075824876578671/N296382bc-790b-4acc-bfab-ba38a46d726e-logoSmallFile","displayName":"E-Prescriptions Admin","description":"Example app - not for production use.","commitMessage":"","appUris":{"documentUri":{"value":"/16764075824876578671/Ne488995f-4028-4c8d-8070-1032965f0719-document.msapp","readonlyValue":"/16764075824876578671/Ne488995f-4028-4c8d-8070-1032965f0719-document.msapp"},"imageUris":[]},"createdTime":"0001-01-01T00:00:00Z","lastModifiedTime":"0001-01-01T00:00:00Z","sharedGroupsCount":0,"sharedUsersCount":0,"icons":{"smallIconUri":"/16764075824876578671/N838d51b6-6e7e-46b0-8f63-18becbcb5fb8-small.png","mediumIconUri":"/16764075824876578671/Nf4dfd8f2-6c4d-4d6e-a4a1-638f5f856209-medium.png","largeIconUri":"/16764075824876578671/Ndd8aae5d-b1fe-44b8-9022-45056b54f4ee-large.png","wideIconUri":"/16764075824876578671/N8c8d2ec3-e446-4465-a15e-a1d078e7fbce-wide.png"},"connectionReferences":{"888c52c8-7179-475d-8cf3-a6068dbaf592":{"id":"38437675-c0da-4c18-aba4-acf76244b710","displayName":"SharePoint","iconUri":"https://connectoricons-prod.azureedge.net/sharepointonline/icon_1.0.1363.2042.png","dataSources":["Config List_1","Doctors","Patients","HospitalDetails"],"dependencies":[],"dependents":[],"parameterHints":{},"isOnPremiseConnection":false,"bypassConsent":false,"dataSets":{"https://m365x357260.sharepoint.com/sites/EPrescription":{"dataSources":{"Doctors":{"tableName":"818c7ac4-70ea-45de-90bf-561235b88d24"},"Patients":{"tableName":"f4563c04-1576-4702-9029-ef52ebecada9"},"HospitalDetails":{"tableName":"973173c9-d341-4716-94a0-7734e78000d2"}}}},"apiTier":"Standard","isCustomApiConnection":false},"744ad22e-d4f7-4404-aee6-d056de46e109":{"id":"e222ef69-9b99-4ba7-8c91-63dbb3981084","displayName":"Office 365 Users","iconUri":"https://connectoricons-prod.azureedge.net/office365users/icon_1.0.1357.2029.png","dataSources":["Office365Users"],"dependencies":[],"dependents":[],"parameterHints":{},"isOnPremiseConnection":false,"bypassConsent":false,"dataSets":{},"apiTier":"Standard","isCustomApiConnection":false},"7ff6b063-d14e-4872-8b17-4af06648316b":{"id":"dd58cdac-0028-4098-86ff-e927beddeee2","displayName":"Office 365 Groups","iconUri":"https://connectoricons-prod.azureedge.net/office365groups/icon_1.0.1329.1953.png","dataSources":["Office365Groups"],"dependencies":[],"dependents":[],"parameterHints":{},"isOnPremiseConnection":false,"bypassConsent":false,"dataSets":{},"apiTier":"Standard","isCustomApiConnection":false}},"databaseReferences":{},"almMode":"Environment","performanceOptimizationEnabled":true,"canConsumeAppPass":true},"isAppComponentLibrary":false,"appType":"ClassicCanvasApp","appComponents":[]}}