{"name":"2e1d48e5-c08f-4d72-a706-487f74e2af3b","id":"/providers/Microsoft.Flow/flows/2e1d48e5-c08f-4d72-a706-487f74e2af3b","type":"Microsoft.Flow/flows","properties":{"apiId":"/providers/Microsoft.PowerApps/apis/shared_logicflows","displayName":"Generate E-Prescription","definition":{"metadata":{"workflowEntityId":null,"creator":{"id":"6702afb6-109b-4c32-a141-6e65469502b9","type":"User","tenantId":"b3cdf1c8-024a-49e2-a994-f67f830b02f3"},"provisioningMethod":"FromDefinition","failureAlertSubscription":true,"clientLastModifiedTime":"2020-07-10T20:18:44.9296937Z"},"$schema":"https://schema.management.azure.com/providers/Microsoft.Logic/schemas/2016-06-01/workflowdefinition.json#","contentVersion":"1.0.0.0","parameters":{"$connections":{"defaultValue":{},"type":"Object"},"$authentication":{"defaultValue":{},"type":"SecureObject"}},"triggers":{"When_an_item_is_created":{"recurrence":{"frequency":"Minute","interval":3},"splitOn":"@triggerBody()?['value']","metadata":{"flowSystemMetadata":{"swaggerOperationId":"GetOnNewItems"}},"type":"ApiConnection","inputs":{"host":{"connection":{"name":"@parameters('$connections')['shared_sharepointonline']['connectionId']"},"api":{"runtimeUrl":"https://unitedstates-002.azure-apim.net/apim/sharepointonline"}},"method":"get","path":"/datasets/@{encodeURIComponent(encodeURIComponent('https://m365x357260.sharepoint.com/sites/EPrescription'))}/tables/@{encodeURIComponent(encodeURIComponent('f4563c04-1576-4702-9029-ef52ebecada9'))}/onnewitems","authentication":"@parameters('$authentication')"}}},"actions":{"Hospital_mail_id":{"runAfter":{},"type":"InitializeVariable","inputs":{"variables":[{"name":"Hospital_mail_id","type":"string","value":"EPrescriptionT@M365x357260.onmicrosoft.com"}]}},"Initialize_variable":{"runAfter":{"Hospital_mail_id":["Succeeded"]},"type":"InitializeVariable","inputs":{"variables":[{"name":"Attachment Array","type":"array"}]}},"Get_file_content":{"runAfter":{"Initialize_variable":["Succeeded"]},"metadata":{"%252fShared%2bDocuments%252fHealthcare.jpg":"/Shared Documents/Healthcare.jpg","flowSystemMetadata":{"swaggerOperationId":"GetFileContent"}},"type":"ApiConnection","inputs":{"host":{"connection":{"name":"@parameters('$connections')['shared_sharepointonline']['connectionId']"},"api":{"runtimeUrl":"https://unitedstates-002.azure-apim.net/apim/sharepointonline"}},"method":"get","path":"/datasets/@{encodeURIComponent(encodeURIComponent('https://m365x357260.sharepoint.com/sites/EPrescription'))}/files/@{encodeURIComponent('%252fShared%2bDocuments%252fHealthcare.jpg')}/content","queries":{"inferContentType":true},"authentication":"@parameters('$authentication')"}},"Get_item":{"runAfter":{"Get_file_content":["Succeeded"]},"metadata":{"flowSystemMetadata":{"swaggerOperationId":"GetItem"}},"type":"ApiConnection","inputs":{"host":{"connection":{"name":"@parameters('$connections')['shared_sharepointonline']['connectionId']"},"api":{"runtimeUrl":"https://unitedstates-002.azure-apim.net/apim/sharepointonline"}},"method":"get","path":"/datasets/@{encodeURIComponent(encodeURIComponent('https://m365x357260.sharepoint.com/sites/EPrescription'))}/tables/@{encodeURIComponent(encodeURIComponent('973173c9-d341-4716-94a0-7734e78000d2'))}/items/@{encodeURIComponent('1')}","authentication":"@parameters('$authentication')"}},"Populate_a_Microsoft_Word_template":{"runAfter":{"Get_item":["Succeeded"]},"metadata":{"01GCNT4HCVLLP25NJRJRDKNSTSJMD2UKHG":"/Doctor prescription.docx","flowSystemMetadata":{"swaggerOperationId":"CreateFileItem"}},"type":"ApiConnection","inputs":{"host":{"connection":{"name":"@parameters('$connections')['shared_wordonlinebusiness']['connectionId']"},"api":{"runtimeUrl":"https://unitedstates-002.azure-apim.net/apim/wordonlinebusiness"}},"method":"post","body":{"357861694":"@triggerBody()?['Email']","468794300":"@triggerBody()?['EPrescriptionNumber']","725500281":"@triggerBody()?['DoctorName']","1416357849":"@triggerBody()?['Qualification']","1648704998":"@body('Get_file_content')","2087340654":"@body('Get_item')?['Address']","2100837486":"@{formatDateTime(triggerBody()?['DateOfConsultation'],'ddddd, MMMM dd yyyy')}","-1711256083":"@triggerBody()?['DoctorRegistrationNumber']","-1266696611":"@body('Get_item')?['HospitalName']","-503983693":"@{formatDateTime(triggerBody()?['DateOfConsultation'],'ddddd, MMMM dd YYYY')}","-857189536":"@triggerBody()?['Title']","-549391867":"@triggerBody()?['Phone']","-1828204909":"@triggerBody()?['ConsultationTime']","-2089217529":"@triggerBody()?['MedicineDetails']","-137027072":"@body('Get_item')?['HospitalName']","-1694839581":"@body('Get_item')?['HospitalMailId']","-1260363349":"@body('Get_item')?['Phone']"},"path":"/api/templates/getFile","queries":{"source":"sites/m365x357260.sharepoint.com,aa5dfee2-f530-406c-93e6-e82f075391e0,a2805355-5a36-4680-bba4-78dd57197df9","drive":"b!4v5dqjD1bECT5ugvB1OR4FVTgKI2WoBGu6R43VcZffkq9B1iHm0eTZUgKvLfcVmU","file":"01GCNT4HCVLLP25NJRJRDKNSTSJMD2UKHG"},"authentication":"@parameters('$authentication')"}},"Create_file":{"runAfter":{"Populate_a_Microsoft_Word_template":["Succeeded"]},"metadata":{"flowSystemMetadata":{"swaggerOperationId":"CreateFile"}},"type":"ApiConnection","inputs":{"host":{"connection":{"name":"@parameters('$connections')['shared_sharepointonline']['connectionId']"},"api":{"runtimeUrl":"https://unitedstates-002.azure-apim.net/apim/sharepointonline"}},"method":"post","body":"@body('Populate_a_Microsoft_Word_template')","path":"/datasets/@{encodeURIComponent(encodeURIComponent('https://m365x357260.sharepoint.com/sites/EPrescription'))}/files","queries":{"folderPath":"/Shared Documents/SavePDF","name":"@{triggerBody()?['EPrescriptionNumber']}.docx","queryParametersSingleEncoded":true},"authentication":"@parameters('$authentication')"},"runtimeConfiguration":{"contentTransfer":{"transferMode":"Chunked"}}},"Convert_Word_Document_to_PDF":{"runAfter":{"Create_file":["Succeeded"]},"metadata":{"flowSystemMetadata":{"swaggerOperationId":"GetFilePDF"}},"type":"ApiConnection","inputs":{"host":{"connection":{"name":"@parameters('$connections')['shared_wordonlinebusiness']['connectionId']"},"api":{"runtimeUrl":"https://unitedstates-002.azure-apim.net/apim/wordonlinebusiness"}},"method":"get","path":"/api/templates/convertFile","queries":{"source":"sites/m365x357260.sharepoint.com,aa5dfee2-f530-406c-93e6-e82f075391e0,a2805355-5a36-4680-bba4-78dd57197df9","drive":"b!4v5dqjD1bECT5ugvB1OR4FVTgKI2WoBGu6R43VcZffkq9B1iHm0eTZUgKvLfcVmU","file":"/SavePDF/@{triggerBody()?['EPrescriptionNumber']}.docx","format":"pdf"},"authentication":"@parameters('$authentication')"}},"Create_file_2":{"runAfter":{"Convert_Word_Document_to_PDF":["Succeeded"]},"metadata":{"flowSystemMetadata":{"swaggerOperationId":"CreateFile"}},"type":"ApiConnection","inputs":{"host":{"connection":{"name":"@parameters('$connections')['shared_sharepointonline']['connectionId']"},"api":{"runtimeUrl":"https://unitedstates-002.azure-apim.net/apim/sharepointonline"}},"method":"post","body":"@body('Convert_Word_Document_to_PDF')","path":"/datasets/@{encodeURIComponent(encodeURIComponent('https://m365x357260.sharepoint.com/sites/EPrescription'))}/files","queries":{"folderPath":"/Shared Documents/SavePDF","name":"@{triggerBody()?['EPrescriptionNumber']}.pdf","queryParametersSingleEncoded":true},"authentication":"@parameters('$authentication')"},"runtimeConfiguration":{"contentTransfer":{"transferMode":"Chunked"}}},"Add_attachment":{"runAfter":{"Create_file_2":["Succeeded"]},"metadata":{"flowSystemMetadata":{"swaggerOperationId":"CreateAttachment"}},"type":"ApiConnection","inputs":{"host":{"connection":{"name":"@parameters('$connections')['shared_sharepointonline']['connectionId']"},"api":{"runtimeUrl":"https://unitedstates-002.azure-apim.net/apim/sharepointonline"}},"method":"post","body":"@body('Convert_Word_Document_to_PDF')","path":"/datasets/@{encodeURIComponent(encodeURIComponent('https://m365x357260.sharepoint.com/sites/EPrescription'))}/tables/@{encodeURIComponent(encodeURIComponent('f4563c04-1576-4702-9029-ef52ebecada9'))}/items/@{encodeURIComponent(encodeURIComponent(triggerBody()?['ID']))}/attachments","queries":{"displayName":"@{triggerBody()?['EPrescriptionNumber']}.pdf"},"authentication":"@parameters('$authentication')"}},"Get_attachments":{"runAfter":{"Add_attachment":["Succeeded"]},"metadata":{"flowSystemMetadata":{"swaggerOperationId":"GetItemAttachments"}},"type":"ApiConnection","inputs":{"host":{"connection":{"name":"@parameters('$connections')['shared_sharepointonline']['connectionId']"},"api":{"runtimeUrl":"https://unitedstates-002.azure-apim.net/apim/sharepointonline"}},"method":"get","path":"/datasets/@{encodeURIComponent(encodeURIComponent('https://m365x357260.sharepoint.com/sites/EPrescription'))}/tables/@{encodeURIComponent(encodeURIComponent('f4563c04-1576-4702-9029-ef52ebecada9'))}/items/@{encodeURIComponent(encodeURIComponent(triggerBody()?['ID']))}/attachments","authentication":"@parameters('$authentication')"}},"Apply_to_each":{"foreach":"@body('Get_attachments')","actions":{"Get_attachment_content":{"runAfter":{},"metadata":{"flowSystemMetadata":{"swaggerOperationId":"GetAttachmentContent"}},"type":"ApiConnection","inputs":{"host":{"connection":{"name":"@parameters('$connections')['shared_sharepointonline']['connectionId']"},"api":{"runtimeUrl":"https://unitedstates-002.azure-apim.net/apim/sharepointonline"}},"method":"get","path":"/datasets/@{encodeURIComponent(encodeURIComponent('https://m365x357260.sharepoint.com/sites/EPrescription'))}/tables/@{encodeURIComponent(encodeURIComponent('f4563c04-1576-4702-9029-ef52ebecada9'))}/items/@{encodeURIComponent(encodeURIComponent(triggerBody()?['ID']))}/attachments/@{encodeURIComponent(items('Apply_to_each')?['Id'])}/$value","authentication":"@parameters('$authentication')"}},"Append_to_array_variable":{"runAfter":{"Get_attachment_content":["Succeeded"]},"type":"AppendToArrayVariable","inputs":{"name":"Attachment Array","value":{"Name":"@items('Apply_to_each')?['DisplayName']","ContentBytes":"@body('Get_attachment_content')['$content']"}}}},"runAfter":{"Get_attachments":["Succeeded"]},"type":"Foreach"},"Send_an_email_(V2)":{"runAfter":{"Apply_to_each":["Succeeded"]},"metadata":{"flowSystemMetadata":{"swaggerOperationId":"SendEmailV2"}},"type":"ApiConnection","inputs":{"host":{"connection":{"name":"@parameters('$connections')['shared_office365']['connectionId']"},"api":{"runtimeUrl":"https://unitedstates-002.azure-apim.net/apim/office365"}},"method":"post","body":{"To":"@triggerBody()?['Email']","Subject":" Your E-Prescription","Body":"<p>Hello,<br>\n<br>\n<br>\nYour E-prescription is attached to this email.<br>\n<br>\n<br>\nPlease contact us at the number below if you have any questions.<br>\n<br>\n<br>\nRegards,<br>\n@{body('Get_item')?['HospitalName']},<br>\n@{body('Get_item')?['Address']},<br>\n@{body('Get_item')?['Phone']}.</p>","Attachments":"@variables('Attachment Array')"},"path":"/v2/Mail","authentication":"@parameters('$authentication')"}}}},"connectionReferences":{"shared_sharepointonline":{"connectionName":"242909ccb1f84f1aba7e20a8e06a9c44","source":"Embedded","id":"/providers/Microsoft.PowerApps/apis/shared_sharepointonline","tier":"NotSpecified"},"shared_wordonlinebusiness":{"connectionName":"a7fc9d358c8a4c4e8628fa38fd1ee508","source":"Embedded","id":"/providers/Microsoft.PowerApps/apis/shared_wordonlinebusiness","tier":"NotSpecified"},"shared_office365":{"connectionName":"shared-office365-74792a51-82d3-4581-85b0-d0675f5523a0","source":"Embedded","id":"/providers/Microsoft.PowerApps/apis/shared_office365","tier":"NotSpecified"}},"flowFailureAlertSubscribed":false}}