{"name":"3aa2d0e3-adbd-4812-b662-7576ca44f596","id":"/providers/Microsoft.Flow/flows/3aa2d0e3-adbd-4812-b662-7576ca44f596","type":"Microsoft.Flow/flows","properties":{"apiId":"/providers/Microsoft.PowerApps/apis/shared_logicflows","displayName":"GetPatients","definition":{"metadata":{"workflowEntityId":null,"creator":{"id":"6702afb6-109b-4c32-a141-6e65469502b9","type":"User","tenantId":"b3cdf1c8-024a-49e2-a994-f67f830b02f3"},"provisioningMethod":"FromDefinition","failureAlertSubscription":true,"clientLastModifiedTime":"2020-07-16T06:57:48.5781858Z"},"$schema":"https://schema.management.azure.com/providers/Microsoft.Logic/schemas/2016-06-01/workflowdefinition.json#","contentVersion":"1.0.0.0","parameters":{"$connections":{"defaultValue":{},"type":"Object"},"$authentication":{"defaultValue":{},"type":"SecureObject"}},"triggers":{"manual":{"type":"Request","kind":"PowerApp","inputs":{"schema":{"type":"object","properties":{"Initializevariable_Value":{"type":"string","description":"Enter initial value","x-ms-powerflows-param-ispartial":false},"Initializevariable2_Value":{"type":"string","description":"Enter initial value","x-ms-powerflows-param-ispartial":false}},"required":["Initializevariable_Value","Initializevariable2_Value"]}}}},"actions":{"Initialize_variable":{"runAfter":{},"type":"InitializeVariable","inputs":{"variables":[{"name":"DoctorRegistrationNumber","type":"string","value":"@{triggerBody()['Initializevariable_Value']}"}]}},"Get_items":{"runAfter":{"Initialize_variable_2":["Succeeded"]},"metadata":{"flowSystemMetadata":{"swaggerOperationId":"GetItems"}},"type":"ApiConnection","inputs":{"host":{"connection":{"name":"@json(decodeBase64(triggerOutputs().headers['X-MS-APIM-Tokens']))['$connections']['shared_sharepointonline']['connectionId']"},"api":{"runtimeUrl":"https://unitedstates-002.azure-apim.net/apim/sharepointonline"}},"method":"get","path":"/datasets/@{encodeURIComponent(encodeURIComponent('https://m365x357260.sharepoint.com/sites/EPrescription'))}/tables/@{encodeURIComponent(encodeURIComponent('f4563c04-1576-4702-9029-ef52ebecada9'))}/items","queries":{"$filter":"DoctorRegistrationNumber eq '@{variables('DoctorRegistrationNumber')}' and DateOfConsultation eq '@{variables('StartDate')}'"},"authentication":{"type":"Raw","value":"@json(decodeBase64(triggerOutputs().headers['X-MS-APIM-Tokens']))['$ConnectionKey']"}}},"Select":{"runAfter":{"Get_items":["Succeeded"]},"type":"Select","inputs":{"from":"@body('Get_items')?['value']","select":{"ID":"@item()?['ID']","Name":"@item()?['Title']","Email":"@item()?['Email']","Consultation Time":"@item()?['ConsultationTime']","Phone":"@item()?['Phone']"}}},"Parse_JSON":{"runAfter":{"Select":["Succeeded"]},"type":"ParseJson","inputs":{"content":"@body('Select')","schema":{"type":"array","items":{"type":"object","properties":{"ID":{"type":"integer"},"Name":{"type":"string"},"Email":{"type":"string"},"Consultation Time":{"type":"string"},"Phone":{"type":"string"}},"required":["ID","Name","Email","Consultation Time","Phone"]}}}},"Join":{"runAfter":{"Parse_JSON":["Succeeded"]},"type":"Join","inputs":{"from":"@body('Parse_JSON')","joinWith":"\"/n\""}},"Respond_to_a_PowerApp_or_flow":{"runAfter":{"Join":["Succeeded"]},"type":"Response","kind":"PowerApp","inputs":{"statusCode":200,"body":{"patientdetails":"@body('Join')"},"schema":{"type":"object","properties":{"patientdetails":{"title":"PatientDetails","x-ms-dynamically-added":true,"type":"string"}}}}},"Initialize_variable_2":{"runAfter":{"Initialize_variable":["Succeeded"]},"type":"InitializeVariable","inputs":{"variables":[{"name":"StartDate","type":"string","value":"@{triggerBody()['Initializevariable2_Value']}"}]}}}},"connectionReferences":{"shared_sharepointonline":{"connectionName":"242909ccb1f84f1aba7e20a8e06a9c44","source":"Invoker","id":"/providers/Microsoft.PowerApps/apis/shared_sharepointonline","tier":"NotSpecified"}},"flowFailureAlertSubscribed":false}}