{"schemaVersion":"1.0","appDefinitionTemplate":{"id":"/providers/Microsoft.PowerApps/apps/","type":"Microsoft.PowerApps/apps","tags":{"primaryDeviceWidth":"1172","primaryDeviceHeight":"770","sienaVersion":"20200712T082333Z-3.20063.13.0","deviceCapabilities":"","supportsPortrait":"false","supportsLandscape":"true","primaryFormFactor":"Tablet","publisherVersion":"3.20063.13","minimumRequiredApiVersion":"2.2.0","hasComponent":"false","hasUnlockedComponent":"false","isUnifiedRootApp":"false"},"properties":{"appVersion":"2020-07-12T08:23:33Z","lifeCycleId":"Published","createdByClientVersion":{"major":3,"minor":20063,"build":13,"revision":0,"majorRevision":0,"minorRevision":0},"minClientVersion":{"major":3,"minor":20063,"build":13,"revision":0,"majorRevision":0,"minorRevision":0},"backgroundColor":"rgba(37, 62, 143, 1)","backgroundImageUri":"/1324074028767497072/Nf239c9e8-0159-45ed-aeb9-fdb8dafc11a2-logoSmallFile","displayName":"E-Prescriptions Doctor","description":"Example app - not for production use.","commitMessage":"","appUris":{"documentUri":{"value":"/1324074028767497072/Nbb2d3c0e-ce4d-4b26-8fb9-2825b4ad46ad-document.msapp","readonlyValue":"/1324074028767497072/Nbb2d3c0e-ce4d-4b26-8fb9-2825b4ad46ad-document.msapp"},"imageUris":[]},"createdTime":"0001-01-01T00:00:00Z","lastModifiedTime":"0001-01-01T00:00:00Z","sharedGroupsCount":0,"sharedUsersCount":0,"icons":{"smallIconUri":"/1324074028767497072/N24ecf079-cc30-4a20-a041-c2ca1d75dc2f-small.png","mediumIconUri":"/1324074028767497072/Nab33ae1e-6de9-4f2f-becb-3fca5759d35e-medium.png","largeIconUri":"/1324074028767497072/N1b0f59db-468b-4714-b8a3-d5468b9481ba-large.png","wideIconUri":"/1324074028767497072/N66cd9bff-de76-4c61-aef1-a24d822a383c-wide.png"},"connectionReferences":{"888c52c8-7179-475d-8cf3-a6068dbaf592":{"id":"52b28e15-e8d8-4d96-b498-f72729f8d22f","displayName":"SharePoint","iconUri":"https://connectoricons-prod.azureedge.net/sharepointonline/icon_1.0.1363.2042.png","dataSources":["Config List_1","Doctors","HospitalDetails","Patients"],"dependencies":[],"dependents":["6e6178bf-384f-4453-a5cb-97f3e12222c4","4c39924d-bf13-43bf-95fe-6aea606d59b3"],"parameterHints":{},"isOnPremiseConnection":false,"bypassConsent":false,"dataSets":{"https://m365x902405.sharepoint.com/sites/E-Prescriptions":{"dataSources":{"Doctors":{"tableName":"e7cee423-2455-4fef-9174-96de8ce9e445"},"HospitalDetails":{"tableName":"876445f5-c669-4486-8201-7b332dea9734"},"Patients":{"tableName":"586e5765-68ac-4b12-89c5-7d62deed446c"}}}},"apiTier":"Standard","isCustomApiConnection":false},"f9b3bcd9-e531-4fae-af9b-d7ce350a6436":{"id":"c438cbed-8881-4f55-8a68-92fa826c584f","displayName":"Office 365 Outlook","iconUri":"https://connectoricons-prod.azureedge.net/office365/icon_1.0.1363.2042.png","dataSources":["Office365Outlook"],"dependencies":[],"dependents":["eddec161-d029-4321-865b-f25d925cb479"],"parameterHints":{},"isOnPremiseConnection":false,"bypassConsent":false,"dataSets":{},"apiTier":"Standard","isCustomApiConnection":false},"744ad22e-d4f7-4404-aee6-d056de46e109":{"id":"3896009f-d66b-42fd-9c7b-7757910650a9","displayName":"Office 365 Users","iconUri":"https://connectoricons-prod.azureedge.net/office365users/icon_1.0.1357.2029.png","dataSources":["Office365Users"],"dependencies":[],"dependents":[],"parameterHints":{},"isOnPremiseConnection":false,"bypassConsent":false,"dataSets":{},"apiTier":"Standard","isCustomApiConnection":false},"aec68428-f0b5-43eb-bf9a-27dfa033b000":{"id":"ae89fe31-cba8-4a28-bbca-88dc21f15d3a","displayName":"Office 365 Groups","iconUri":"https://connectoricons-prod.azureedge.net/office365groups/icon_1.0.1329.1953.png","dataSources":["Office365Groups"],"dependencies":[],"dependents":[],"parameterHints":{},"isOnPremiseConnection":false,"bypassConsent":false,"dataSets":{},"apiTier":"Standard","isCustomApiConnection":false},"6e6178bf-384f-4453-a5cb-97f3e12222c4":{"id":"84fb8695-399b-4434-a0d1-46adf30d9cc6","displayName":"Logic flows","iconUri":"https://resourcestackdeploy.blob.core.windows.net/scripts/13276078.png","dataSources":["GetPatients"],"dependencies":["888c52c8-7179-475d-8cf3-a6068dbaf592"],"dependents":[],"parameterHints":{"workflowName":{"value":"00b72a0f-f45f-4c95-8a18-6f961b72063d"},"888c52c8-7179-475d-8cf3-a6068dbaf592":{"value":"shared_sharepointonline"}},"isOnPremiseConnection":false,"bypassConsent":false,"dataSets":{},"apiTier":"Standard","isCustomApiConnection":false},"eddec161-d029-4321-865b-f25d925cb479":{"id":"84fb8695-399b-4434-a0d1-46adf30d9cc6","displayName":"Logic flows","iconUri":"https://resourcestackdeploy.blob.core.windows.net/scripts/13276078.png","dataSources":["GetBookingAppointments"],"dependencies":["f9b3bcd9-e531-4fae-af9b-d7ce350a6436"],"dependents":[],"parameterHints":{"workflowName":{"value":"3d229806-db57-419d-9360-89c3964f4ac2"},"f9b3bcd9-e531-4fae-af9b-d7ce350a6436":{"value":"shared_office365"}},"isOnPremiseConnection":false,"bypassConsent":false,"dataSets":{},"apiTier":"Standard","isCustomApiConnection":false},"4c39924d-bf13-43bf-95fe-6aea606d59b3":{"id":"84fb8695-399b-4434-a0d1-46adf30d9cc6","displayName":"Logic flows","iconUri":"https://resourcestackdeploy.blob.core.windows.net/scripts/13276078.png","dataSources":["ViewPrescription"],"dependencies":["888c52c8-7179-475d-8cf3-a6068dbaf592"],"dependents":[],"parameterHints":{"workflowName":{"value":"0dbf3f4c-bf98-4212-95df-18f08901247e"},"888c52c8-7179-475d-8cf3-a6068dbaf592":{"value":"shared_sharepointonline"}},"isOnPremiseConnection":false,"bypassConsent":false,"dataSets":{},"apiTier":"Standard","isCustomApiConnection":false}},"databaseReferences":{},"almMode":"Environment","performanceOptimizationEnabled":true,"canConsumeAppPass":true},"isAppComponentLibrary":false,"appType":"ClassicCanvasApp","appComponents":[]}}