{"name":"7a6ea7fb-5025-423e-815c-3ec4f1d72a52","id":"/providers/Microsoft.Flow/flows/7a6ea7fb-5025-423e-815c-3ec4f1d72a52","type":"Microsoft.Flow/flows","properties":{"apiId":"/providers/Microsoft.PowerApps/apis/shared_logicflows","displayName":"GetBookingAppointments","definition":{"metadata":{"workflowEntityId":null,"creator":{"id":"6702afb6-109b-4c32-a141-6e65469502b9","type":"User","tenantId":"b3cdf1c8-024a-49e2-a994-f67f830b02f3"},"provisioningMethod":"FromDefinition","failureAlertSubscription":true,"clientLastModifiedTime":"2020-07-16T12:27:37.6246188Z"},"$schema":"https://schema.management.azure.com/providers/Microsoft.Logic/schemas/2016-06-01/workflowdefinition.json#","contentVersion":"1.0.0.0","parameters":{"$connections":{"defaultValue":{},"type":"Object"},"$authentication":{"defaultValue":{},"type":"SecureObject"}},"triggers":{"manual":{"type":"Request","kind":"PowerApp","inputs":{"schema":{"type":"object","properties":{"DoctorMailID_Value":{"type":"string","description":"Enter initial value","x-ms-powerflows-param-ispartial":false},"Offset_Value":{"type":"string","description":"Enter initial value","x-ms-powerflows-param-ispartial":false}},"required":["DoctorMailID_Value","Offset_Value"]}}}},"actions":{"Result_Array":{"runAfter":{},"type":"InitializeVariable","inputs":{"variables":[{"name":"result","type":"array"}]}},"Hospital_Mail_ID":{"runAfter":{"Result_Array":["Succeeded"]},"type":"InitializeVariable","inputs":{"variables":[{"name":"Hospital_mail_id","type":"string","value":"EPrescriptionT@M365x357260.onmicrosoft.com"}]}},"Doctor_Mail_ID":{"runAfter":{"Hospital_Mail_ID":["Succeeded"]},"type":"InitializeVariable","inputs":{"variables":[{"name":"Doctor_mail_id","type":"string","value":"@{triggerBody()['DoctorMailID_Value']}"}]}},"Offset":{"runAfter":{"Doctor_Mail_ID":["Succeeded"]},"type":"InitializeVariable","inputs":{"variables":[{"name":"offset","type":"string","value":"@{triggerBody()['Offset_Value']}"}]}},"Local_Time":{"runAfter":{"Offset":["Succeeded"]},"type":"InitializeVariable","inputs":{"variables":[{"name":"local time","type":"string","value":"@{addMinutes(utcNow(), int(variables('offset')), 'yyyy-MM-dd')}"}]}},"start_utc":{"runAfter":{"Local_Time":["Succeeded"]},"type":"InitializeVariable","inputs":{"variables":[{"name":"start utc","type":"string","value":"@{addMinutes(variables('local time'), mul(-1, int(variables('offset'))), 'yyyy-MM-dd HH:mm')}"}]}},"end_utc":{"runAfter":{"start_utc":["Succeeded"]},"type":"InitializeVariable","inputs":{"variables":[{"name":"end utc","type":"string","value":"@{addDays(variables('start utc'), 1, 'yyyy-MM-dd HH:mm')}"}]}},"Parse_JSON":{"runAfter":{"Get_calendar_view_of_events_(V3)":["Succeeded"]},"type":"ParseJson","inputs":{"content":"@body('Get_calendar_view_of_events_(V3)')?['value']","schema":{"type":"array","items":{"type":"object","properties":{"subject":{"type":"string"},"start":{"type":"string"},"end":{"type":"string"},"body":{"type":"string"},"isHtml":{"type":"boolean"},"responseType":{"type":"string"},"responseTime":{"type":"string"},"id":{"type":"string"},"createdDateTime":{"type":"string"},"lastModifiedDateTime":{"type":"string"},"organizer":{"type":"string"},"timeZone":{"type":"string"},"seriesMasterId":{},"categories":{"type":"array"},"webLink":{"type":"string"},"requiredAttendees":{"type":"string"},"optionalAttendees":{"type":"string"},"resourceAttendees":{"type":"string"},"location":{"type":"string"},"importance":{"type":"string"},"isAllDay":{"type":"boolean"},"recurrence":{"type":"string"},"recurrenceEnd":{},"numberOfOccurences":{},"reminderMinutesBeforeStart":{"type":"integer"},"isReminderOn":{"type":"boolean"},"showAs":{"type":"string"},"responseRequested":{"type":"boolean"}},"required":["subject","start","end","body","isHtml","responseType","responseTime","id","createdDateTime","lastModifiedDateTime","organizer","timeZone","seriesMasterId","categories","webLink","requiredAttendees","optionalAttendees","resourceAttendees","location","importance","isAllDay","recurrence","recurrenceEnd","numberOfOccurences","reminderMinutesBeforeStart","isReminderOn","showAs","responseRequested"]}}}},"Apply_to_each":{"foreach":"@body('Parse_JSON')","actions":{"Condition":{"actions":{"Compose":{"runAfter":{},"type":"Compose","inputs":"@items('Apply_to_each')['body']"},"Compose_5":{"runAfter":{"Compose":["Succeeded"]},"type":"Compose","inputs":"@split(outputs('Compose'),'--------------------')"},"Compose_3":{"runAfter":{"Compose_5":["Succeeded"]},"type":"Compose","inputs":"@split(outputs('Compose_5')?[1],':')"},"Compose_2":{"runAfter":{"Compose_3":["Succeeded"]},"type":"Compose","inputs":{"Start":"@{items('Apply_to_each')['start']}","End":"@{items('Apply_to_each')['end']}","Consult":"@{outputs('Compose_3')?[1]}","ConsultId":"@{outputs('Compose_3')?[2]}","Subject":"@{items('Apply_to_each')['subject']}","Contact":"@{substring(outputs('Compose_3')?[3],1,10)}"}},"Append_to_array_variable":{"runAfter":{"Compose_2":["Succeeded"]},"type":"AppendToArrayVariable","inputs":{"name":"result","value":"@outputs('Compose_2')"}}},"runAfter":{},"expression":{"and":[{"equals":["@items('Apply_to_each')['organizer']","@variables('Hospital_mail_id')"]},{"not":{"contains":["@items('Apply_to_each')['subject']","Canceled"]}}]},"type":"If"}},"runAfter":{"Parse_JSON":["Succeeded"]},"type":"Foreach"},"Parse_JSON_2":{"runAfter":{"Apply_to_each":["Succeeded"]},"type":"ParseJson","inputs":{"content":"@variables('result')","schema":{"type":"array","items":{"type":"object","properties":{"Consult":{"type":"string"},"ConsultId":{"type":"string"},"Contact":{"type":"string"},"Subject":{"type":"string"},"Start":{"type":"string"},"End":{"type":"string"}},"required":["Consult","ConsultId","Subject","Start","End"]}}}},"Join":{"runAfter":{"Parse_JSON_2":["Succeeded"]},"type":"Join","inputs":{"from":"@body('Parse_JSON_2')","joinWith":"\"/n\""}},"Respond_to_a_PowerApp_or_flow":{"runAfter":{"Join":["Succeeded"]},"type":"Response","kind":"PowerApp","inputs":{"statusCode":200,"body":{"response":"@body('Join')"},"schema":{"type":"object","properties":{"response":{"title":"Response","x-ms-dynamically-added":true,"type":"string"}}}}},"Get_calendars_(V2)":{"runAfter":{"end_utc":["Succeeded"]},"metadata":{"flowSystemMetadata":{"swaggerOperationId":"CalendarGetTables_V2"}},"type":"ApiConnection","inputs":{"host":{"connection":{"name":"@json(decodeBase64(triggerOutputs().headers['X-MS-APIM-Tokens']))['$connections']['shared_office365']['connectionId']"},"api":{"runtimeUrl":"https://unitedstates-002.azure-apim.net/apim/office365"}},"method":"get","path":"/codeless/v1.0/me/calendars","queries":{"skip":0,"top":256,"orderBy":"name"},"authentication":{"type":"Raw","value":"@json(decodeBase64(triggerOutputs().headers['X-MS-APIM-Tokens']))['$ConnectionKey']"}}},"Parse_JSON_3":{"runAfter":{"Get_calendars_(V2)":["Succeeded"]},"type":"ParseJson","inputs":{"content":"@body('Get_calendars_(V2)')?['value']","schema":{"type":"array","items":{"type":"object","properties":{"id":{"type":"string"},"name":{"type":"string"},"color":{"type":"string"},"changeKey":{"type":"string"},"canShare":{"type":"boolean"},"canViewPrivateItems":{"type":"boolean"},"canEdit":{"type":"boolean"},"allowedOnlineMeetingProviders":{"type":"array","items":{"type":"string"}},"defaultOnlineMeetingProvider":{"type":"string"},"isTallyingResponses":{"type":"boolean"},"isRemovable":{"type":"boolean"},"owner":{"type":"object","properties":{"name":{"type":"string"},"address":{"type":"string"}}}},"required":["id","name","color","changeKey","canShare","canViewPrivateItems","canEdit","allowedOnlineMeetingProviders","defaultOnlineMeetingProvider","isTallyingResponses","isRemovable","owner"]}}}},"Compose_4":{"runAfter":{"Parse_JSON_3":["Succeeded"]},"type":"Compose","inputs":"@body('Parse_JSON_3')[0]['id']"},"Get_calendar_view_of_events_(V3)":{"runAfter":{"Compose_4":["Succeeded"]},"metadata":{"flowSystemMetadata":{"swaggerOperationId":"GetEventsCalendarViewV3"}},"type":"ApiConnection","inputs":{"host":{"connection":{"name":"@json(decodeBase64(triggerOutputs().headers['X-MS-APIM-Tokens']))['$connections']['shared_office365']['connectionId']"},"api":{"runtimeUrl":"https://unitedstates-002.azure-apim.net/apim/office365"}},"method":"get","path":"/datasets/calendars/v3/tables/items/calendarview","queries":{"calendarId":"@{outputs('Compose_4')}","startDateTimeUtc":"@variables('start utc')","endDateTimeUtc":"@variables('end utc')"},"authentication":{"type":"Raw","value":"@json(decodeBase64(triggerOutputs().headers['X-MS-APIM-Tokens']))['$ConnectionKey']"}}}}},"connectionReferences":{"shared_office365":{"connectionName":"shared-office365-74792a51-82d3-4581-85b0-d0675f5523a0","source":"Invoker","id":"/providers/Microsoft.PowerApps/apis/shared_office365","tier":"NotSpecified"}},"flowFailureAlertSubscribed":false}}