{"schemaVersion":"1.0","appDefinitionTemplate":{"id":"/providers/Microsoft.PowerApps/apps/","type":"Microsoft.PowerApps/apps","tags":{"primaryDeviceWidth":"1172","primaryDeviceHeight":"770","sienaVersion":"20200716T144224Z-3.20064.23.0","deviceCapabilities":"","supportsPortrait":"false","supportsLandscape":"true","primaryFormFactor":"Tablet","publisherVersion":"3.20064.23","minimumRequiredApiVersion":"2.2.0","hasComponent":"false","hasUnlockedComponent":"false","isUnifiedRootApp":"false"},"properties":{"appVersion":"2020-07-16T14:42:24Z","lifeCycleId":"Published","createdByClientVersion":{"major":3,"minor":20064,"build":23,"revision":0,"majorRevision":0,"minorRevision":0},"minClientVersion":{"major":3,"minor":20064,"build":23,"revision":0,"majorRevision":0,"minorRevision":0},"backgroundColor":"rgba(37, 62, 143, 1)","backgroundImageUri":"/16629305892082583984/N6e3f60d8-95ae-4377-8c40-5a783e885762-logoSmallFile","displayName":"E-Prescriptions Doctor","description":"Example app - not for production use.","commitMessage":"latest phone format change","appUris":{"documentUri":{"value":"/16629305892082583984/N13547683-74cd-489b-9341-88cc7dab8e05-document.msapp","readonlyValue":"/16629305892082583984/N13547683-74cd-489b-9341-88cc7dab8e05-document.msapp"},"imageUris":[]},"createdTime":"0001-01-01T00:00:00Z","lastModifiedTime":"0001-01-01T00:00:00Z","sharedGroupsCount":0,"sharedUsersCount":0,"icons":{"smallIconUri":"/16629305892082583984/Nc1fba1e9-9fa9-41d8-9b12-3ec87145e2c2-small.png","mediumIconUri":"/16629305892082583984/Nedb9758e-a248-47e4-a0cf-b85d46eb0528-medium.png","largeIconUri":"/16629305892082583984/N73702196-5145-430d-8c7c-386a695fb7f0-large.png","wideIconUri":"/16629305892082583984/Ndf11db6a-f91b-4363-b833-d68bd5a71609-wide.png"},"connectionReferences":{"888c52c8-7179-475d-8cf3-a6068dbaf592":{"id":"38437675-c0da-4c18-aba4-acf76244b710","displayName":"SharePoint","iconUri":"https://connectoricons-prod.azureedge.net/sharepointonline/icon_1.0.1363.2042.png","dataSources":["Config List_1","Doctors","HospitalDetails","Patients"],"dependencies":[],"dependents":["6e6178bf-384f-4453-a5cb-97f3e12222c4","4c39924d-bf13-43bf-95fe-6aea606d59b3"],"parameterHints":{},"isOnPremiseConnection":false,"bypassConsent":false,"dataSets":{"https://m365x357260.sharepoint.com/sites/EPrescription":{"dataSources":{"Doctors":{"tableName":"818c7ac4-70ea-45de-90bf-561235b88d24"},"HospitalDetails":{"tableName":"973173c9-d341-4716-94a0-7734e78000d2"},"Patients":{"tableName":"f4563c04-1576-4702-9029-ef52ebecada9"}}}},"apiTier":"Standard","isCustomApiConnection":false},"f9b3bcd9-e531-4fae-af9b-d7ce350a6436":{"id":"4aa5d6bd-1ad8-437a-913b-0ea20ad0145e","displayName":"Office 365 Outlook","iconUri":"https://connectoricons-prod.azureedge.net/office365/icon_1.0.1363.2042.png","dataSources":["Office365Outlook"],"dependencies":[],"dependents":["eddec161-d029-4321-865b-f25d925cb479"],"parameterHints":{},"isOnPremiseConnection":false,"bypassConsent":false,"dataSets":{},"apiTier":"Standard","isCustomApiConnection":false},"744ad22e-d4f7-4404-aee6-d056de46e109":{"id":"e222ef69-9b99-4ba7-8c91-63dbb3981084","displayName":"Office 365 Users","iconUri":"https://connectoricons-prod.azureedge.net/office365users/icon_1.0.1357.2029.png","dataSources":["Office365Users"],"dependencies":[],"dependents":[],"parameterHints":{},"isOnPremiseConnection":false,"bypassConsent":false,"dataSets":{},"apiTier":"Standard","isCustomApiConnection":false},"aec68428-f0b5-43eb-bf9a-27dfa033b000":{"id":"dd58cdac-0028-4098-86ff-e927beddeee2","displayName":"Office 365 Groups","iconUri":"https://connectoricons-prod.azureedge.net/office365groups/icon_1.0.1329.1953.png","dataSources":["Office365Groups"],"dependencies":[],"dependents":[],"parameterHints":{},"isOnPremiseConnection":false,"bypassConsent":false,"dataSets":{},"apiTier":"Standard","isCustomApiConnection":false},"6e6178bf-384f-4453-a5cb-97f3e12222c4":{"id":"67ca1d9d-8347-4f32-a7f7-65da1023821c","displayName":"Logic flows","iconUri":"https://resourcestackdeploy.blob.core.windows.net/scripts/13276078.png","dataSources":["GetPatients"],"dependencies":["888c52c8-7179-475d-8cf3-a6068dbaf592"],"dependents":[],"parameterHints":{"workflowName":{"value":"79a44591-566b-4cfc-bafb-a4c16f6391cd"},"888c52c8-7179-475d-8cf3-a6068dbaf592":{"value":"shared_sharepointonline"}},"isOnPremiseConnection":false,"bypassConsent":false,"dataSets":{},"apiTier":"Standard","isCustomApiConnection":false},"eddec161-d029-4321-865b-f25d925cb479":{"id":"67ca1d9d-8347-4f32-a7f7-65da1023821c","displayName":"Logic flows","iconUri":"https://resourcestackdeploy.blob.core.windows.net/scripts/13276078.png","dataSources":["GetBookingAppointments"],"dependencies":["f9b3bcd9-e531-4fae-af9b-d7ce350a6436"],"dependents":[],"parameterHints":{"workflowName":{"value":"3162e554-7cff-4c5e-bc9f-c2863e3ef881"},"f9b3bcd9-e531-4fae-af9b-d7ce350a6436":{"value":"shared_office365"}},"isOnPremiseConnection":false,"bypassConsent":false,"dataSets":{},"apiTier":"Standard","isCustomApiConnection":false},"4c39924d-bf13-43bf-95fe-6aea606d59b3":{"id":"67ca1d9d-8347-4f32-a7f7-65da1023821c","displayName":"Logic flows","iconUri":"https://resourcestackdeploy.blob.core.windows.net/scripts/13276078.png","dataSources":["ViewPrescription"],"dependencies":["888c52c8-7179-475d-8cf3-a6068dbaf592"],"dependents":[],"parameterHints":{"workflowName":{"value":"b291ab07-c233-4e27-9ce0-2ad2eee1abfc"},"888c52c8-7179-475d-8cf3-a6068dbaf592":{"value":"shared_sharepointonline"}},"isOnPremiseConnection":false,"bypassConsent":false,"dataSets":{},"apiTier":"Standard","isCustomApiConnection":false}},"databaseReferences":{},"almMode":"Environment","performanceOptimizationEnabled":true,"canConsumeAppPass":true},"isAppComponentLibrary":false,"appType":"ClassicCanvasApp","appComponents":[]}}