{"name":"bd52afae-ba46-4fd7-baa7-427fb250c2ab","id":"/providers/Microsoft.Flow/flows/bd52afae-ba46-4fd7-baa7-427fb250c2ab","type":"Microsoft.Flow/flows","properties":{"apiId":"/providers/Microsoft.PowerApps/apis/shared_logicflows","displayName":"ArchivalEPrescription","definition":{"metadata":{"workflowEntityId":null,"creator":{"id":"6702afb6-109b-4c32-a141-6e65469502b9","type":"User","tenantId":"b3cdf1c8-024a-49e2-a994-f67f830b02f3"},"provisioningMethod":"FromDefinition","failureAlertSubscription":true,"clientLastModifiedTime":"2020-07-10T20:51:59.523072Z"},"$schema":"https://schema.management.azure.com/providers/Microsoft.Logic/schemas/2016-06-01/workflowdefinition.json#","contentVersion":"1.0.0.0","parameters":{"$connections":{"defaultValue":{},"type":"Object"},"$authentication":{"defaultValue":{},"type":"SecureObject"}},"triggers":{"Recurrence":{"recurrence":{"frequency":"Week","interval":1,"startTime":"2020-06-15T04:30:00.000Z","schedule":{"weekDays":["Monday","Tuesday","Wednesday","Thursday","Friday","Saturday"]}},"type":"Recurrence"}},"actions":{"Get_items":{"runAfter":{},"metadata":{"flowSystemMetadata":{"swaggerOperationId":"GetItems"}},"type":"ApiConnection","inputs":{"host":{"connection":{"name":"@parameters('$connections')['shared_sharepointonline']['connectionId']"},"api":{"runtimeUrl":"https://unitedstates-002.azure-apim.net/apim/sharepointonline"}},"method":"get","path":"/datasets/@{encodeURIComponent(encodeURIComponent('https://m365x357260.sharepoint.com/sites/EPrescription'))}/tables/@{encodeURIComponent(encodeURIComponent('f4563c04-1576-4702-9029-ef52ebecada9'))}/items","authentication":"@parameters('$authentication')"}},"Get_files_(properties_only)":{"runAfter":{"Apply_to_each_3":["Succeeded"]},"metadata":{"flowSystemMetadata":{"swaggerOperationId":"GetFileItems"}},"type":"ApiConnection","inputs":{"host":{"connection":{"name":"@parameters('$connections')['shared_sharepointonline']['connectionId']"},"api":{"runtimeUrl":"https://unitedstates-002.azure-apim.net/apim/sharepointonline"}},"method":"get","path":"/datasets/@{encodeURIComponent(encodeURIComponent('https://m365x357260.sharepoint.com/sites/EPrescription'))}/tables/@{encodeURIComponent(encodeURIComponent('621df42a-6d1e-4d1e-9520-2af2df715994'))}/getfileitems","queries":{"folderPath":"/Shared Documents/SavePDF"},"authentication":"@parameters('$authentication')"}},"Apply_to_each_2":{"foreach":"@body('Get_files_(properties_only)')?['value']","actions":{"Copy_file":{"runAfter":{},"metadata":{"flowSystemMetadata":{"swaggerOperationId":"CopyFileAsync"}},"type":"ApiConnection","inputs":{"host":{"connection":{"name":"@parameters('$connections')['shared_sharepointonline']['connectionId']"},"api":{"runtimeUrl":"https://unitedstates-002.azure-apim.net/apim/sharepointonline"}},"method":"post","body":{"sourceFileId":"@items('Apply_to_each_2')?['{Identifier}']","destinationDataset":"https://m365x357260.sharepoint.com/sites/E-PrescriptionT","destinationFolderPath":"/Shared Documents/Archival EPrecsriptions","nameConflictBehavior":1},"path":"/datasets/@{encodeURIComponent(encodeURIComponent('https://m365x357260.sharepoint.com/sites/EPrescription'))}/copyFileAsync","authentication":"@parameters('$authentication')"}},"Delete_file":{"runAfter":{"Copy_file":["Succeeded"]},"metadata":{"flowSystemMetadata":{"swaggerOperationId":"DeleteFile"}},"type":"ApiConnection","inputs":{"host":{"connection":{"name":"@parameters('$connections')['shared_sharepointonline']['connectionId']"},"api":{"runtimeUrl":"https://unitedstates-002.azure-apim.net/apim/sharepointonline"}},"method":"delete","path":"/datasets/@{encodeURIComponent(encodeURIComponent('https://m365x357260.sharepoint.com/sites/EPrescription'))}/files/@{encodeURIComponent(items('Apply_to_each_2')?['ID'])}","authentication":"@parameters('$authentication')"}}},"runAfter":{"Get_files_(properties_only)":["Succeeded"]},"type":"Foreach"},"Apply_to_each_3":{"foreach":"@body('Get_items')?['value']","actions":{"Get_attachments":{"runAfter":{},"metadata":{"flowSystemMetadata":{"swaggerOperationId":"GetItemAttachments"}},"type":"ApiConnection","inputs":{"host":{"connection":{"name":"@parameters('$connections')['shared_sharepointonline']['connectionId']"},"api":{"runtimeUrl":"https://unitedstates-002.azure-apim.net/apim/sharepointonline"}},"method":"get","path":"/datasets/@{encodeURIComponent(encodeURIComponent('https://m365x357260.sharepoint.com/sites/EPrescription'))}/tables/@{encodeURIComponent(encodeURIComponent('f4563c04-1576-4702-9029-ef52ebecada9'))}/items/@{encodeURIComponent(encodeURIComponent(items('Apply_to_each_3')?['ID']))}/attachments","authentication":"@parameters('$authentication')"}},"Create_item_2":{"runAfter":{"Get_attachments":["Succeeded"]},"metadata":{"flowSystemMetadata":{"swaggerOperationId":"PostItem"}},"type":"ApiConnection","inputs":{"host":{"connection":{"name":"@parameters('$connections')['shared_sharepointonline']['connectionId']"},"api":{"runtimeUrl":"https://unitedstates-002.azure-apim.net/apim/sharepointonline"}},"method":"post","body":{"Title":"@items('Apply_to_each_3')?['Title']","Email":"@items('Apply_to_each_3')?['Email']","Phone":"@items('Apply_to_each_3')?['Phone']","DateOfConsultation":"@items('Apply_to_each_3')?['DateOfConsultation']","Consultation_x0020_Time":"@items('Apply_to_each_3')?['ConsultationTime']","Age":"@items('Apply_to_each_3')?['Age']","Medicine_x0020_Details":"@items('Apply_to_each_3')?['MedicineDetails']","DoctorRegistrationNumber":"@items('Apply_to_each_3')?['DoctorRegistrationNumber']"},"path":"/datasets/@{encodeURIComponent(encodeURIComponent('https://m365x357260.sharepoint.com/sites/E-PrescriptionT'))}/tables/@{encodeURIComponent(encodeURIComponent('8d5278de-80ef-4871-88ff-f2c9d88cfde7'))}/items","authentication":"@parameters('$authentication')"}},"Apply_to_each_4":{"foreach":"@body('Get_attachments')","actions":{"Get_attachment_content":{"runAfter":{},"metadata":{"flowSystemMetadata":{"swaggerOperationId":"GetAttachmentContent"}},"type":"ApiConnection","inputs":{"host":{"connection":{"name":"@parameters('$connections')['shared_sharepointonline']['connectionId']"},"api":{"runtimeUrl":"https://unitedstates-002.azure-apim.net/apim/sharepointonline"}},"method":"get","path":"/datasets/@{encodeURIComponent(encodeURIComponent('https://m365x357260.sharepoint.com/sites/EPrescription'))}/tables/@{encodeURIComponent(encodeURIComponent('f4563c04-1576-4702-9029-ef52ebecada9'))}/items/@{encodeURIComponent(encodeURIComponent(items('Apply_to_each_3')?['ID']))}/attachments/@{encodeURIComponent(items('Apply_to_each_4')?['Id'])}/$value","authentication":"@parameters('$authentication')"}},"Add_attachment":{"runAfter":{"Get_attachment_content":["Succeeded"]},"metadata":{"flowSystemMetadata":{"swaggerOperationId":"CreateAttachment"}},"type":"ApiConnection","inputs":{"host":{"connection":{"name":"@parameters('$connections')['shared_sharepointonline']['connectionId']"},"api":{"runtimeUrl":"https://unitedstates-002.azure-apim.net/apim/sharepointonline"}},"method":"post","body":"@body('Get_attachment_content')","path":"/datasets/@{encodeURIComponent(encodeURIComponent('https://m365x357260.sharepoint.com/sites/E-PrescriptionT'))}/tables/@{encodeURIComponent(encodeURIComponent('8d5278de-80ef-4871-88ff-f2c9d88cfde7'))}/items/@{encodeURIComponent(encodeURIComponent(body('Create_item_2')?['ID']))}/attachments","queries":{"displayName":"@items('Apply_to_each_4')?['DisplayName']"},"authentication":"@parameters('$authentication')"}}},"runAfter":{"Create_item_2":["Succeeded"]},"type":"Foreach"},"Delete_item_2":{"runAfter":{"Apply_to_each_4":["Succeeded"]},"metadata":{"flowSystemMetadata":{"swaggerOperationId":"DeleteItem"}},"type":"ApiConnection","inputs":{"host":{"connection":{"name":"@parameters('$connections')['shared_sharepointonline']['connectionId']"},"api":{"runtimeUrl":"https://unitedstates-002.azure-apim.net/apim/sharepointonline"}},"method":"delete","path":"/datasets/@{encodeURIComponent(encodeURIComponent('https://m365x357260.sharepoint.com/sites/EPrescription'))}/tables/@{encodeURIComponent(encodeURIComponent('f4563c04-1576-4702-9029-ef52ebecada9'))}/items/@{encodeURIComponent(items('Apply_to_each_3')?['ID'])}","authentication":"@parameters('$authentication')"}}},"runAfter":{"Get_items":["Succeeded"]},"type":"Foreach"}}},"connectionReferences":{"shared_sharepointonline":{"connectionName":"242909ccb1f84f1aba7e20a8e06a9c44","source":"Embedded","id":"/providers/Microsoft.PowerApps/apis/shared_sharepointonline","tier":"NotSpecified"}},"flowFailureAlertSubscribed":false}}