{"name":"63863d64-ff5f-458e-8a28-78cc1a6cdb5d","id":"/providers/Microsoft.Flow/flows/63863d64-ff5f-458e-8a28-78cc1a6cdb5d","type":"Microsoft.Flow/flows","properties":{"apiId":"/providers/Microsoft.PowerApps/apis/shared_logicflows","displayName":"View Prescription","definition":{"metadata":{"workflowEntityId":null,"creator":{"id":"c6d82df2-cfb6-4781-b768-dedc1a3bad2b","type":"User","tenantId":"2598b5f2-6546-4fd8-9d8c-d9dba42125b8"},"provisioningMethod":"FromDefinition","failureAlertSubscription":true,"clientLastModifiedTime":"2020-07-11T19:20:14.6300642Z"},"$schema":"https://schema.management.azure.com/providers/Microsoft.Logic/schemas/2016-06-01/workflowdefinition.json#","contentVersion":"1.0.0.0","parameters":{"$connections":{"defaultValue":{},"type":"Object"},"$authentication":{"defaultValue":{},"type":"SecureObject"}},"triggers":{"manual":{"type":"Request","kind":"PowerApp","inputs":{"schema":{"type":"object","properties":{"Getfilecontentusingpath_FilePath":{"type":"string","description":"Select a file.. This parameter is used as part of \"98DB8B73-5378-4D2C-9AF3-E54809319C06\"","x-ms-powerflows-param-ispartial":true}},"required":["Getfilecontentusingpath_FilePath"]}}}},"actions":{"Get_file_content_using_path":{"runAfter":{},"metadata":{"flowSystemMetadata":{"swaggerOperationId":"GetFileContentByPath"}},"type":"ApiConnection","inputs":{"host":{"connection":{"name":"@json(decodeBase64(triggerOutputs().headers['X-MS-APIM-Tokens']))['$connections']['shared_sharepointonline']['connectionId']"},"api":{"runtimeUrl":"https://unitedstates-002.azure-apim.net/apim/sharepointonline"}},"method":"get","path":"/datasets/@{encodeURIComponent(encodeURIComponent('https://m365x902405.sharepoint.com/sites/E-Prescriptions'))}/GetFileContentByPath","queries":{"path":"Shared Documents/SavePDF/@{triggerBody()['Getfilecontentusingpath_FilePath']}","queryParametersSingleEncoded":true,"inferContentType":true},"authentication":{"type":"Raw","value":"@json(decodeBase64(triggerOutputs().headers['X-MS-APIM-Tokens']))['$ConnectionKey']"}}},"Respond_to_a_PowerApp_or_flow":{"runAfter":{"Get_file_content_using_path":["Succeeded"]},"type":"Response","kind":"PowerApp","inputs":{"statusCode":200,"body":{"pdf":"@{body('Get_file_content_using_path')['$content']}"},"schema":{"type":"object","properties":{"pdf":{"title":"PDF","x-ms-dynamically-added":true,"type":"string","format":"byte"}}}}}}},"connectionReferences":{"shared_sharepointonline":{"connectionName":"shared-sharepointonl-a92ececf-06b2-4499-a83b-dda9f9d6771c","source":"Invoker","id":"/providers/Microsoft.PowerApps/apis/shared_sharepointonline","tier":"NotSpecified"}},"flowFailureAlertSubscribed":false}}