{"name":"a3e2fbdb-8eae-437d-b024-a76d1a6b0d8a","id":"/providers/Microsoft.Flow/flows/a3e2fbdb-8eae-437d-b024-a76d1a6b0d8a","type":"Microsoft.Flow/flows","properties":{"apiId":"/providers/Microsoft.PowerApps/apis/shared_logicflows","displayName":"Create E-Prescriptions SharePoint Lists","definition":{"metadata":{"workflowEntityId":null,"creator":{"id":"c6d82df2-cfb6-4781-b768-dedc1a3bad2b","type":"User","tenantId":"2598b5f2-6546-4fd8-9d8c-d9dba42125b8"},"provisioningMethod":"FromDefinition","failureAlertSubscription":true,"clientLastModifiedTime":"2020-07-11T19:44:55.2357291Z"},"$schema":"https://schema.management.azure.com/providers/Microsoft.Logic/schemas/2016-06-01/workflowdefinition.json#","contentVersion":"1.0.0.0","parameters":{"$connections":{"defaultValue":{},"type":"Object"},"$authentication":{"defaultValue":{},"type":"SecureObject"}},"triggers":{"manual":{"type":"Request","kind":"Button","inputs":{"schema":{"type":"object","properties":{"text":{"title":"TeamSharepointUrl","type":"string","x-ms-dynamically-added":true,"description":"https://m365x357260.sharepoint.com/sites/EPSiteTest","x-ms-content-hint":"TEXT"}},"required":["text"]}}}},"actions":{"List_of_SharePoint_Sites":{"runAfter":{},"type":"InitializeVariable","inputs":{"variables":[{"name":"List of SharePoint Sites","type":"array","value":["@{triggerBody()['text']}"]}]}},"Single_Line_of_text_Fields_Array":{"runAfter":{"List_of_SharePoint_Sites":["Succeeded"]},"type":"InitializeVariable","inputs":{"variables":[{"name":"Single Line of text Fields Array","type":"array"}]}},"For_All_SharePoint_sites":{"foreach":"@variables('List of SharePoint Sites')","actions":{"Create_Doctors_List":{"actions":{"Send_an_HTTP_request_to_SharePoint_2":{"runAfter":{},"metadata":{"flowSystemMetadata":{"swaggerOperationId":"HttpRequest"}},"type":"ApiConnection","inputs":{"host":{"connection":{"name":"@json(decodeBase64(triggerOutputs().headers['X-MS-APIM-Tokens']))['$connections']['shared_sharepointonline']['connectionId']"},"api":{"runtimeUrl":"https://unitedstates-002.azure-apim.net/apim/sharepointonline"}},"method":"post","body":{"method":"POST","uri":"/_api/web/lists","headers":{"Accept":"application/json;odata=verbose","Content-Type":"application/json;odata=verbose"},"body":"{\n  \"__metadata\": {\"type\": \"SP.List\"},\n  \"AllowContentTypes\": true,\n  \"BaseTemplate\": 100,\n \"Description\": \"List of Doctor details \",\n \"Title\": \"Doctors\"\n}"},"path":"/datasets/@{encodeURIComponent(encodeURIComponent(items('For_All_SharePoint_sites')))}/httprequest","authentication":{"type":"Raw","value":"@json(decodeBase64(triggerOutputs().headers['X-MS-APIM-Tokens']))['$ConnectionKey']"}}},"Set_variable":{"runAfter":{"Send_an_HTTP_request_to_SharePoint_2":["Succeeded"]},"type":"SetVariable","inputs":{"name":"Single Line of text Fields Array","value":["Qualification","UpdatedBy"]}},"Apply_to_each_2":{"foreach":"@variables('Single Line of text Fields Array')","actions":{"Send_an_HTTP_request_to_SharePoint":{"runAfter":{},"metadata":{"flowSystemMetadata":{"swaggerOperationId":"HttpRequest"}},"type":"ApiConnection","inputs":{"host":{"connection":{"name":"@json(decodeBase64(triggerOutputs().headers['X-MS-APIM-Tokens']))['$connections']['shared_sharepointonline']['connectionId']"},"api":{"runtimeUrl":"https://unitedstates-002.azure-apim.net/apim/sharepointonline"}},"method":"post","body":{"method":"POST","uri":"_api/lists/getbytitle('Doctors')/fields","headers":{"Accept":"application/json;odata=verbose","Content-Type":"application/json;odata=verbose"},"body":"{\n    '__metadata': {'type':'SP.FieldText','addToDefaultView': 'true'},\n    'FieldTypeKind': 2,\n    'Title': '@{items('Apply_to_each_2')}'\n}"},"path":"/datasets/@{encodeURIComponent(encodeURIComponent(items('For_All_SharePoint_sites')))}/httprequest","authentication":{"type":"Raw","value":"@json(decodeBase64(triggerOutputs().headers['X-MS-APIM-Tokens']))['$ConnectionKey']"}}},"Send_an_HTTP_request_to_SharePoint_3":{"runAfter":{"Send_an_HTTP_request_to_SharePoint":["Succeeded"]},"metadata":{"flowSystemMetadata":{"swaggerOperationId":"HttpRequest"}},"type":"ApiConnection","inputs":{"host":{"connection":{"name":"@json(decodeBase64(triggerOutputs().headers['X-MS-APIM-Tokens']))['$connections']['shared_sharepointonline']['connectionId']"},"api":{"runtimeUrl":"https://unitedstates-002.azure-apim.net/apim/sharepointonline"}},"method":"post","body":{"method":"POST","uri":"_api/web/lists/GetByTitle('Doctors')/views/getbytitle('All Items')/ViewFields/AddViewField('@{items('Apply_to_each_2')}')","headers":{"accept":"application/json;odata=verbose","content-Type":"application/json;odata=verbose"}},"path":"/datasets/@{encodeURIComponent(encodeURIComponent(items('For_All_SharePoint_sites')))}/httprequest","authentication":{"type":"Raw","value":"@json(decodeBase64(triggerOutputs().headers['X-MS-APIM-Tokens']))['$ConnectionKey']"}}}},"runAfter":{"Set_variable":["Succeeded"]},"type":"Foreach"},"Send_an_HTTP_request_to_SharePoint_4":{"runAfter":{"Apply_to_each_2":["Succeeded"]},"metadata":{"flowSystemMetadata":{"swaggerOperationId":"HttpRequest"}},"type":"ApiConnection","inputs":{"host":{"connection":{"name":"@json(decodeBase64(triggerOutputs().headers['X-MS-APIM-Tokens']))['$connections']['shared_sharepointonline']['connectionId']"},"api":{"runtimeUrl":"https://unitedstates-002.azure-apim.net/apim/sharepointonline"}},"method":"post","body":{"method":"POST","uri":"_api/lists/getbytitle('Doctors')/fields","headers":{"Accept":"application/json;odata=verbose","Content-Type":"application/json;odata=verbose"},"body":"{\n    '__metadata': {'type':'SP.Field','addToDefaultView': 'true'},\n    'FieldTypeKind': 2,\n    'Title': 'RegistrationNumber',\n    'Required' : 'true'\n}"},"path":"/datasets/@{encodeURIComponent(encodeURIComponent(items('For_All_SharePoint_sites')))}/httprequest","authentication":{"type":"Raw","value":"@json(decodeBase64(triggerOutputs().headers['X-MS-APIM-Tokens']))['$ConnectionKey']"}}},"Send_an_HTTP_request_to_SharePoint_5":{"runAfter":{"Send_an_HTTP_request_to_SharePoint_4":["Succeeded"]},"metadata":{"flowSystemMetadata":{"swaggerOperationId":"HttpRequest"}},"type":"ApiConnection","inputs":{"host":{"connection":{"name":"@json(decodeBase64(triggerOutputs().headers['X-MS-APIM-Tokens']))['$connections']['shared_sharepointonline']['connectionId']"},"api":{"runtimeUrl":"https://unitedstates-002.azure-apim.net/apim/sharepointonline"}},"method":"post","body":{"method":"POST","uri":"_api/web/lists/GetByTitle('Doctors')/views/getbytitle('All Items')/ViewFields/AddViewField('RegistrationNumber')","headers":{"accept":"application/json;odata=verbose","content-Type":"application/json;odata=verbose"}},"path":"/datasets/@{encodeURIComponent(encodeURIComponent(items('For_All_SharePoint_sites')))}/httprequest","authentication":{"type":"Raw","value":"@json(decodeBase64(triggerOutputs().headers['X-MS-APIM-Tokens']))['$ConnectionKey']"}}},"Send_an_HTTP_request_to_SharePoint_6":{"runAfter":{"Send_an_HTTP_request_to_SharePoint_5":["Succeeded"]},"metadata":{"flowSystemMetadata":{"swaggerOperationId":"HttpRequest"}},"type":"ApiConnection","inputs":{"host":{"connection":{"name":"@json(decodeBase64(triggerOutputs().headers['X-MS-APIM-Tokens']))['$connections']['shared_sharepointonline']['connectionId']"},"api":{"runtimeUrl":"https://unitedstates-002.azure-apim.net/apim/sharepointonline"}},"method":"post","body":{"method":"POST","uri":"_api/lists/getbytitle('Doctors')/fields","headers":{"Accept":"application/json;odata=verbose","Content-Type":"application/json;odata=verbose"},"body":"{\n    '__metadata': {'type':'SP.Field','addToDefaultView': 'true'},\n    'FieldTypeKind': 2,\n    'Title': 'DoctorUserPrincipalName',\n    'Required' : 'true'\n}"},"path":"/datasets/@{encodeURIComponent(encodeURIComponent(items('For_All_SharePoint_sites')))}/httprequest","authentication":{"type":"Raw","value":"@json(decodeBase64(triggerOutputs().headers['X-MS-APIM-Tokens']))['$ConnectionKey']"}}},"Send_an_HTTP_request_to_SharePoint_11":{"runAfter":{"Send_an_HTTP_request_to_SharePoint_6":["Succeeded"]},"metadata":{"flowSystemMetadata":{"swaggerOperationId":"HttpRequest"}},"type":"ApiConnection","inputs":{"host":{"connection":{"name":"@json(decodeBase64(triggerOutputs().headers['X-MS-APIM-Tokens']))['$connections']['shared_sharepointonline']['connectionId']"},"api":{"runtimeUrl":"https://unitedstates-002.azure-apim.net/apim/sharepointonline"}},"method":"post","body":{"method":"POST","uri":"_api/web/lists/GetByTitle('Doctors')/views/getbytitle('All Items')/ViewFields/AddViewField('DoctorUserPrincipalName')","headers":{"accept":"application/json;odata=verbose","content-Type":"application/json;odata=verbose"}},"path":"/datasets/@{encodeURIComponent(encodeURIComponent(items('For_All_SharePoint_sites')))}/httprequest","authentication":{"type":"Raw","value":"@json(decodeBase64(triggerOutputs().headers['X-MS-APIM-Tokens']))['$ConnectionKey']"}}}},"runAfter":{},"type":"Scope"},"Create_Patients_List":{"actions":{"Send_an_HTTP_request_to_create_Patients_list_":{"runAfter":{},"metadata":{"flowSystemMetadata":{"swaggerOperationId":"HttpRequest"}},"type":"ApiConnection","inputs":{"host":{"connection":{"name":"@json(decodeBase64(triggerOutputs().headers['X-MS-APIM-Tokens']))['$connections']['shared_sharepointonline']['connectionId']"},"api":{"runtimeUrl":"https://unitedstates-002.azure-apim.net/apim/sharepointonline"}},"method":"post","body":{"method":"POST","uri":"/_api/web/lists","headers":{"Accept":"application/json;odata=verbose","Content-Type":"application/json;odata=verbose"},"body":"{\n  \"__metadata\": {\"type\": \"SP.List\"},\n  \"AllowContentTypes\": true,\n  \"BaseTemplate\": 100,\n \"Description\": \"Consulted Patients Data\",\n \"Title\": \"Patients\"\n}"},"path":"/datasets/@{encodeURIComponent(encodeURIComponent(items('For_All_SharePoint_sites')))}/httprequest","authentication":{"type":"Raw","value":"@json(decodeBase64(triggerOutputs().headers['X-MS-APIM-Tokens']))['$ConnectionKey']"}}},"Set_Single_Line_Of_Text_Array":{"runAfter":{"Send_an_HTTP_request_to_create_Patients_list_":["Succeeded"]},"type":"SetVariable","inputs":{"name":"Single Line of text Fields Array","value":["Email","Phone","ConsultationTime","DoctorRegistrationNumber","Gender","Qualification","EPrescriptionNumber","DoctorName"]}},"Apply_to_each":{"foreach":"@variables('Single Line of text Fields Array')","actions":{"Request_to_create_Single_Line_Of_Text":{"runAfter":{},"metadata":{"flowSystemMetadata":{"swaggerOperationId":"HttpRequest"}},"type":"ApiConnection","inputs":{"host":{"connection":{"name":"@json(decodeBase64(triggerOutputs().headers['X-MS-APIM-Tokens']))['$connections']['shared_sharepointonline']['connectionId']"},"api":{"runtimeUrl":"https://unitedstates-002.azure-apim.net/apim/sharepointonline"}},"method":"post","body":{"method":"POST","uri":"_api/lists/getbytitle('Patients')/fields","headers":{"Accept":"application/json;odata=verbose","Content-Type":"application/json;odata=verbose"},"body":"{\n    '__metadata': {'type':'SP.FieldText','addToDefaultView': 'true'},\n    'FieldTypeKind': 2,\n    'Title': '@{items('Apply_to_each')}'\n}"},"path":"/datasets/@{encodeURIComponent(encodeURIComponent(items('For_All_SharePoint_sites')))}/httprequest","authentication":{"type":"Raw","value":"@json(decodeBase64(triggerOutputs().headers['X-MS-APIM-Tokens']))['$ConnectionKey']"}}},"Add_Text_Fields_to_view":{"runAfter":{"Request_to_create_Single_Line_Of_Text":["Succeeded"]},"metadata":{"flowSystemMetadata":{"swaggerOperationId":"HttpRequest"}},"type":"ApiConnection","inputs":{"host":{"connection":{"name":"@json(decodeBase64(triggerOutputs().headers['X-MS-APIM-Tokens']))['$connections']['shared_sharepointonline']['connectionId']"},"api":{"runtimeUrl":"https://unitedstates-002.azure-apim.net/apim/sharepointonline"}},"method":"post","body":{"method":"POST","uri":"_api/web/lists/GetByTitle('Patients')/views/getbytitle('All Items')/ViewFields/AddViewField('@{items('Apply_to_each')}')","headers":{"accept":"application/json;odata=verbose","content-Type":"application/json;odata=verbose"}},"path":"/datasets/@{encodeURIComponent(encodeURIComponent(items('For_All_SharePoint_sites')))}/httprequest","authentication":{"type":"Raw","value":"@json(decodeBase64(triggerOutputs().headers['X-MS-APIM-Tokens']))['$ConnectionKey']"}}}},"runAfter":{"Set_Single_Line_Of_Text_Array":["Succeeded"]},"type":"Foreach"},"Send_an_HTTP_request_to_create_DateOfConsultation_column":{"runAfter":{"Apply_to_each":["Succeeded"]},"metadata":{"flowSystemMetadata":{"swaggerOperationId":"HttpRequest"}},"type":"ApiConnection","inputs":{"host":{"connection":{"name":"@json(decodeBase64(triggerOutputs().headers['X-MS-APIM-Tokens']))['$connections']['shared_sharepointonline']['connectionId']"},"api":{"runtimeUrl":"https://unitedstates-002.azure-apim.net/apim/sharepointonline"}},"method":"post","body":{"method":"POST","uri":"_api/lists/getbytitle('Patients')/fields","headers":{"Accept":"application/json;odata=verbose","Content-Type":"application/json;odata=verbose"},"body":"{\n    '__metadata': {'type':'SP.FieldDateTime','addToDefaultView': 'true'},\n    'FieldTypeKind': 4,\n    'Title': 'DateOfConsultation', \n    'DisplayFormat': 0\n}"},"path":"/datasets/@{encodeURIComponent(encodeURIComponent(items('For_All_SharePoint_sites')))}/httprequest","authentication":{"type":"Raw","value":"@json(decodeBase64(triggerOutputs().headers['X-MS-APIM-Tokens']))['$ConnectionKey']"}}},"Send_an_HTTP_request_to_create_Age_column":{"runAfter":{"Send_an_HTTP_request_to_SharePoint_7":["Succeeded"]},"metadata":{"flowSystemMetadata":{"swaggerOperationId":"HttpRequest"}},"type":"ApiConnection","inputs":{"host":{"connection":{"name":"@json(decodeBase64(triggerOutputs().headers['X-MS-APIM-Tokens']))['$connections']['shared_sharepointonline']['connectionId']"},"api":{"runtimeUrl":"https://unitedstates-002.azure-apim.net/apim/sharepointonline"}},"method":"post","body":{"method":"POST","uri":"_api/lists/getbytitle('Patients')/fields","headers":{"Accept":"application/json;odata=verbose","Content-Type":"application/json;odata=verbose"},"body":"{\n    '__metadata': {'type':'SP.FieldNumber','addToDefaultView': 'true'},\n    'FieldTypeKind': 9,\n    'Title': 'Age'\n}"},"path":"/datasets/@{encodeURIComponent(encodeURIComponent(items('For_All_SharePoint_sites')))}/httprequest","authentication":{"type":"Raw","value":"@json(decodeBase64(triggerOutputs().headers['X-MS-APIM-Tokens']))['$ConnectionKey']"}}},"Send_an_HTTP_request_to_create_MedicineDetails_column":{"runAfter":{"Send_an_HTTP_request_to_SharePoint_8":["Succeeded"]},"metadata":{"flowSystemMetadata":{"swaggerOperationId":"HttpRequest"}},"type":"ApiConnection","inputs":{"host":{"connection":{"name":"@json(decodeBase64(triggerOutputs().headers['X-MS-APIM-Tokens']))['$connections']['shared_sharepointonline']['connectionId']"},"api":{"runtimeUrl":"https://unitedstates-002.azure-apim.net/apim/sharepointonline"}},"method":"post","body":{"method":"POST","uri":"_api/lists/getbytitle('Patients')/fields","headers":{"Accept":"application/json;odata=verbose","Content-Type":"application/json;odata=verbose"},"body":"{\n    '__metadata': {'type':'SP.Field'},\n    'FieldTypeKind':3,\n    'Title': 'MedicineDetails',\n 'Required': 'true'\n}"},"path":"/datasets/@{encodeURIComponent(encodeURIComponent(items('For_All_SharePoint_sites')))}/httprequest","authentication":{"type":"Raw","value":"@json(decodeBase64(triggerOutputs().headers['X-MS-APIM-Tokens']))['$ConnectionKey']"}}},"Send_an_HTTP_request_to_SharePoint_7":{"runAfter":{"Send_an_HTTP_request_to_create_DateOfConsultation_column":["Succeeded"]},"metadata":{"flowSystemMetadata":{"swaggerOperationId":"HttpRequest"}},"type":"ApiConnection","inputs":{"host":{"connection":{"name":"@json(decodeBase64(triggerOutputs().headers['X-MS-APIM-Tokens']))['$connections']['shared_sharepointonline']['connectionId']"},"api":{"runtimeUrl":"https://unitedstates-002.azure-apim.net/apim/sharepointonline"}},"method":"post","body":{"method":"POST","uri":"_api/web/lists/GetByTitle('Patients')/views/getbytitle('All Items')/ViewFields/AddViewField('DateOfConsultation')","headers":{"accept":"application/json;odata=verbose","content-Type":"application/json;odata=verbose"}},"path":"/datasets/@{encodeURIComponent(encodeURIComponent(items('For_All_SharePoint_sites')))}/httprequest","authentication":{"type":"Raw","value":"@json(decodeBase64(triggerOutputs().headers['X-MS-APIM-Tokens']))['$ConnectionKey']"}}},"Send_an_HTTP_request_to_SharePoint_8":{"runAfter":{"Send_an_HTTP_request_to_create_Age_column":["Succeeded"]},"metadata":{"flowSystemMetadata":{"swaggerOperationId":"HttpRequest"}},"type":"ApiConnection","inputs":{"host":{"connection":{"name":"@json(decodeBase64(triggerOutputs().headers['X-MS-APIM-Tokens']))['$connections']['shared_sharepointonline']['connectionId']"},"api":{"runtimeUrl":"https://unitedstates-002.azure-apim.net/apim/sharepointonline"}},"method":"post","body":{"method":"POST","uri":"_api/web/lists/GetByTitle('Patients')/views/getbytitle('All Items')/ViewFields/AddViewField('Age')","headers":{"accept":"application/json;odata=verbose","content-Type":"application/json;odata=verbose"}},"path":"/datasets/@{encodeURIComponent(encodeURIComponent(items('For_All_SharePoint_sites')))}/httprequest","authentication":{"type":"Raw","value":"@json(decodeBase64(triggerOutputs().headers['X-MS-APIM-Tokens']))['$ConnectionKey']"}}},"Send_an_HTTP_request_to_SharePoint_10":{"runAfter":{"Send_an_HTTP_request_to_create_MedicineDetails_column":["Succeeded"]},"metadata":{"flowSystemMetadata":{"swaggerOperationId":"HttpRequest"}},"type":"ApiConnection","inputs":{"host":{"connection":{"name":"@json(decodeBase64(triggerOutputs().headers['X-MS-APIM-Tokens']))['$connections']['shared_sharepointonline']['connectionId']"},"api":{"runtimeUrl":"https://unitedstates-002.azure-apim.net/apim/sharepointonline"}},"method":"post","body":{"method":"POST","uri":"_api/web/lists/GetByTitle('Patients')/views/getbytitle('All Items')/ViewFields/AddViewField('MedicineDetails')","headers":{"accept":"application/json;odata=verbose","content-Type":"application/json;odata=verbose"}},"path":"/datasets/@{encodeURIComponent(encodeURIComponent(items('For_All_SharePoint_sites')))}/httprequest","authentication":{"type":"Raw","value":"@json(decodeBase64(triggerOutputs().headers['X-MS-APIM-Tokens']))['$ConnectionKey']"}}}},"runAfter":{"Create_Doctors_List":["Succeeded"]},"type":"Scope"},"Create_HospitalDetails_List":{"actions":{"Send_an_HTTP_request_to_create_HospitalDetails_List":{"runAfter":{},"metadata":{"flowSystemMetadata":{"swaggerOperationId":"HttpRequest"}},"type":"ApiConnection","inputs":{"host":{"connection":{"name":"@json(decodeBase64(triggerOutputs().headers['X-MS-APIM-Tokens']))['$connections']['shared_sharepointonline']['connectionId']"},"api":{"runtimeUrl":"https://unitedstates-002.azure-apim.net/apim/sharepointonline"}},"method":"post","body":{"method":"POST","uri":"/_api/web/lists","headers":{"Accept":"application/json;odata=verbose","Content-Type":"application/json;odata=verbose"},"body":"{\n  \"__metadata\": {\"type\": \"SP.List\"},\n  \"AllowContentTypes\": true,\n  \"BaseTemplate\": 100,\n \"Description\": \"Hospital Details\",\n \"Title\": \"HospitalDetails\"\n}"},"path":"/datasets/@{encodeURIComponent(encodeURIComponent(items('For_All_SharePoint_sites')))}/httprequest","authentication":{"type":"Raw","value":"@json(decodeBase64(triggerOutputs().headers['X-MS-APIM-Tokens']))['$ConnectionKey']"}}},"Set_variable_3":{"runAfter":{"Send_an_HTTP_request_to_create_HospitalDetails_List":["Succeeded"]},"type":"SetVariable","inputs":{"name":"Single Line of text Fields Array","value":["HospitalName","AppLogo","Phone","HospitalMailId"]}},"Apply_to_each_4":{"foreach":"@variables('Single Line of text Fields Array')","actions":{"Send_an_HTTP_request_to_SharePoint_15":{"runAfter":{},"metadata":{"flowSystemMetadata":{"swaggerOperationId":"HttpRequest"}},"type":"ApiConnection","inputs":{"host":{"connection":{"name":"@json(decodeBase64(triggerOutputs().headers['X-MS-APIM-Tokens']))['$connections']['shared_sharepointonline']['connectionId']"},"api":{"runtimeUrl":"https://unitedstates-002.azure-apim.net/apim/sharepointonline"}},"method":"post","body":{"method":"POST","uri":"_api/lists/getbytitle('HospitalDetails')/fields","headers":{"Accept":"application/json;odata=verbose","Content-Type":"application/json;odata=verbose"},"body":"{\n    '__metadata': {'type':'SP.FieldText','addToDefaultView': 'true'},\n    'FieldTypeKind': 2,\n    'Title': '@{items('Apply_to_each_4')}'\n}"},"path":"/datasets/@{encodeURIComponent(encodeURIComponent(items('For_All_SharePoint_sites')))}/httprequest","authentication":{"type":"Raw","value":"@json(decodeBase64(triggerOutputs().headers['X-MS-APIM-Tokens']))['$ConnectionKey']"}}},"Send_an_HTTP_request_to_SharePoint_16":{"runAfter":{"Send_an_HTTP_request_to_SharePoint_15":["Succeeded"]},"metadata":{"flowSystemMetadata":{"swaggerOperationId":"HttpRequest"}},"type":"ApiConnection","inputs":{"host":{"connection":{"name":"@json(decodeBase64(triggerOutputs().headers['X-MS-APIM-Tokens']))['$connections']['shared_sharepointonline']['connectionId']"},"api":{"runtimeUrl":"https://unitedstates-002.azure-apim.net/apim/sharepointonline"}},"method":"post","body":{"method":"POST","uri":"_api/web/lists/GetByTitle('HospitalDetails')/views/getbytitle('All Items')/ViewFields/AddViewField('@{items('Apply_to_each_4')}')","headers":{"accept":"application/json;odata=verbose","content-Type":"application/json;odata=verbose"}},"path":"/datasets/@{encodeURIComponent(encodeURIComponent(items('For_All_SharePoint_sites')))}/httprequest","authentication":{"type":"Raw","value":"@json(decodeBase64(triggerOutputs().headers['X-MS-APIM-Tokens']))['$ConnectionKey']"}}}},"runAfter":{"Set_variable_3":["Succeeded"]},"type":"Foreach"},"Send_an_HTTP_request_to_create_Address_column":{"runAfter":{"Apply_to_each_4":["Succeeded"]},"metadata":{"flowSystemMetadata":{"swaggerOperationId":"HttpRequest"}},"type":"ApiConnection","inputs":{"host":{"connection":{"name":"@json(decodeBase64(triggerOutputs().headers['X-MS-APIM-Tokens']))['$connections']['shared_sharepointonline']['connectionId']"},"api":{"runtimeUrl":"https://unitedstates-002.azure-apim.net/apim/sharepointonline"}},"method":"post","body":{"method":"POST","uri":"_api/lists/getbytitle('HospitalDetails')/fields","headers":{"Accept":"application/json;odata=verbose","Content-Type":"application/json;odata=verbose"},"body":"{\n    '__metadata': {'type':'SP.Field','addToDefaultView': 'true'},\n    'FieldTypeKind': 3,\n    'Title': 'Address'\n}"},"path":"/datasets/@{encodeURIComponent(encodeURIComponent(items('For_All_SharePoint_sites')))}/httprequest","authentication":{"type":"Raw","value":"@json(decodeBase64(triggerOutputs().headers['X-MS-APIM-Tokens']))['$ConnectionKey']"}}},"Send_an_HTTP_request_to_SharePoint_18":{"runAfter":{"Send_an_HTTP_request_to_create_Address_column":["Succeeded"]},"metadata":{"flowSystemMetadata":{"swaggerOperationId":"HttpRequest"}},"type":"ApiConnection","inputs":{"host":{"connection":{"name":"@json(decodeBase64(triggerOutputs().headers['X-MS-APIM-Tokens']))['$connections']['shared_sharepointonline']['connectionId']"},"api":{"runtimeUrl":"https://unitedstates-002.azure-apim.net/apim/sharepointonline"}},"method":"post","body":{"method":"POST","uri":"_api/web/lists/GetByTitle('HospitalDetails')/views/getbytitle('All Items')/ViewFields/AddViewField('Address')","headers":{"accept":"application/json;odata=verbose","content-Type":"application/json;odata=verbose"}},"path":"/datasets/@{encodeURIComponent(encodeURIComponent(items('For_All_SharePoint_sites')))}/httprequest","authentication":{"type":"Raw","value":"@json(decodeBase64(triggerOutputs().headers['X-MS-APIM-Tokens']))['$ConnectionKey']"}}},"Send_an_HTTP_request_to_SharePoint_17":{"runAfter":{"Send_an_HTTP_request_to_SharePoint_18":["Succeeded"]},"metadata":{"flowSystemMetadata":{"swaggerOperationId":"HttpRequest"}},"type":"ApiConnection","inputs":{"host":{"connection":{"name":"@json(decodeBase64(triggerOutputs().headers['X-MS-APIM-Tokens']))['$connections']['shared_sharepointonline']['connectionId']"},"api":{"runtimeUrl":"https://unitedstates-002.azure-apim.net/apim/sharepointonline"}},"method":"post","body":{"method":"POST","uri":"_api/lists/getbytitle('HospitalDetails')/fields","headers":{"Accept":"application/json;odata=verbose","Content-Type":"application/json;odata=verbose"},"body":"{\n    '__metadata': {'type':'SP.FieldText','addToDefaultView': 'true'},\n    'FieldTypeKind': 2,\n    'Title': 'EPrescriptionPrefix',\n     'Required': 'true'\n}"},"path":"/datasets/@{encodeURIComponent(encodeURIComponent(items('For_All_SharePoint_sites')))}/httprequest","authentication":{"type":"Raw","value":"@json(decodeBase64(triggerOutputs().headers['X-MS-APIM-Tokens']))['$ConnectionKey']"}}},"Send_an_HTTP_request_to_SharePoint_19":{"runAfter":{"Send_an_HTTP_request_to_SharePoint_17":["Succeeded"]},"metadata":{"flowSystemMetadata":{"swaggerOperationId":"HttpRequest"}},"type":"ApiConnection","inputs":{"host":{"connection":{"name":"@json(decodeBase64(triggerOutputs().headers['X-MS-APIM-Tokens']))['$connections']['shared_sharepointonline']['connectionId']"},"api":{"runtimeUrl":"https://unitedstates-002.azure-apim.net/apim/sharepointonline"}},"method":"post","body":{"method":"POST","uri":"_api/web/lists/GetByTitle('HospitalDetails')/views/getbytitle('All Items')/ViewFields/AddViewField('EPrescriptionPrefix')","headers":{"accept":"application/json;odata=verbose","content-Type":"application/json;odata=verbose"}},"path":"/datasets/@{encodeURIComponent(encodeURIComponent(items('For_All_SharePoint_sites')))}/httprequest","authentication":{"type":"Raw","value":"@json(decodeBase64(triggerOutputs().headers['X-MS-APIM-Tokens']))['$ConnectionKey']"}}}},"runAfter":{"Create_Patients_List":["Succeeded"]},"type":"Scope"}},"runAfter":{"Single_Line_of_text_Fields_Array":["Succeeded"]},"type":"Foreach"}}},"connectionReferences":{"shared_sharepointonline":{"connectionName":"shared-sharepointonl-a92ececf-06b2-4499-a83b-dda9f9d6771c","source":"Invoker","id":"/providers/Microsoft.PowerApps/apis/shared_sharepointonline","tier":"NotSpecified"}},"flowFailureAlertSubscribed":false}}